,Peso(kg),Estatura (m),Estatura^2,IMC
Alberto,95,1.79,3.2041,53.0726257
Luis,70,1.64,2.6896,42.68292683
Carlos,76,1.68,2.8224,45.23809524
Antonio,78,1.79,3.2041,43.57541899
Paulina,56,1.7,2.89,32.94117647
Oracio,100,2.4,5.76,41.66666667
Christian,89,2,4,44.5
Aldo,95,2.1,4.41,45.23809524
Stephany,60,1.65,2.7225,36.36363636
Francisco,100,1.78,3.1684,56.17977528
